id,first_name,last_name,email,gender,ip_address
1,Kristen,Crepel,kcrepel0@mashable.com,Female,76.181.211.233
2,Edie,Hebblewaite,ehebblewaite1@pinterest.com,Female,251.140.146.181
3,Lauralee,Broxup,lbroxup2@wordpress.com,Female,55.35.16.241
4,Raff,Melchior,rmelchior3@wikipedia.org,Male,124.54.192.83
5,Egon,Warlowe,ewarlowe4@wordpress.org,Male,21.99.158.81
6,Mayne,Stollberger,mstollberger5@photobucket.com,Male,146.160.234.241
7,Fielding,Purselowe,fpurselowe6@mozilla.com,Male,17.52.247.54
8,Fanchon,Huguet,fhuguet7@discuz.net,Female,44.180.231.151
9,Twyla,Elintune,telintune8@livejournal.com,Female,172.14.45.127
10,Correy,Fallowes,cfallowes9@technorati.com,Male,27.220.87.169
11,Lyssa,Wenderott,lwenderotta@nba.com,Female,223.3.147.191
12,Glenden,Mulvagh,gmulvaghb@google.cn,Male,142.222.173.72
13,Burl,Kinloch,bkinlochc@state.tx.us,Male,254.113.202.243
14,Olympe,Daniely,odanielyd@who.int,Female,161.93.130.242
15,Oralla,Rowlin,orowline@shutterfly.com,Female,45.148.194.137
16,Almeta,Ungaretti,aungarettif@scientificamerican.com,Female,218.64.0.35
17,Valina,Tiner,vtinerg@unesco.org,Female,20.159.185.137
18,Zedekiah,Maddock,zmaddockh@discuz.net,Male,49.3.176.103
19,Anett,Cahn,acahni@japanpost.jp,Female,231.100.167.20
20,Rabbi,Milligan,rmilliganj@google.de,Male,251.181.81.74
21,Thoma,Soden,tsodenk@canalblog.com,Male,23.100.199.210
22,Nahum,Jewster,njewsterl@ebay.com,Male,107.37.222.4
23,Sid,Stokell,sstokellm@businessweek.com,Male,158.31.173.69
24,Griffie,Reckus,greckusn@nature.com,Male,114.247.148.6
25,Annissa,Rance,aranceo@google.es,Female,22.2.24.233
26,Isidora,Haestier,ihaestierp@springer.com,Female,181.94.198.139
27,Briant,Mangon,bmangonq@soup.io,Male,4.90.1.64
28,Denys,Bleaden,dbleadenr@topsy.com,Female,48.36.58.15
29,Wain,Mullin,wmullins@pen.io,Male,148.108.95.17
30,Erick,Hatrick,ehatrickt@youtube.com,Male,39.223.191.20
31,Ivie,Bulcroft,ibulcroftu@tinypic.com,Female,124.111.173.111
32,Tyrus,Timothy,ttimothyv@nydailynews.com,Male,90.121.157.151
33,Kaiser,Anderbrugge,kanderbruggew@de.vu,Male,249.211.125.70
34,Andie,Mattis,amattisx@jigsy.com,Female,98.141.67.73
35,Jolene,Mothersdale,jmothersdaley@prlog.org,Female,222.117.65.198
36,Rockey,Goublier,rgoublierz@addtoany.com,Male,69.200.16.249
37,Xylina,Walkden,xwalkden10@sourceforge.net,Female,164.56.242.168
38,Warner,Atyeo,watyeo11@cafepress.com,Male,45.85.209.220
39,Alix,Craft,acraft12@businesswire.com,Male,93.241.159.248
40,Clarie,Samples,csamples13@scientificamerican.com,Female,59.134.190.106
41,Cazzie,Ormshaw,cormshaw14@google.de,Male,12.139.202.35
42,Max,Godar,mgodar15@goodreads.com,Male,43.47.79.79
43,Idelle,Priestner,ipriestner16@prweb.com,Female,202.156.214.97
44,Lilyan,McReath,lmcreath17@newyorker.com,Female,121.233.107.16
45,Curtis,Carnson,ccarnson18@google.nl,Male,68.213.51.231
46,Arleta,Frankcomb,afrankcomb19@pen.io,Female,212.160.120.180
47,Zonda,Bottom,zbottom1a@irs.gov,Female,202.144.161.241
48,Frankie,Beaman,fbeaman1b@acquirethisname.com,Male,49.6.125.18
49,Minnnie,Hatherill,mhatherill1c@indiegogo.com,Female,212.251.176.15
50,Brittney,Siburn,bsiburn1d@360.cn,Female,95.31.90.70
51,Melicent,Shillington,mshillington1e@linkedin.com,Female,232.111.36.132
52,Frants,Kacheler,fkacheler1f@amazon.de,Male,84.214.134.108
53,Allie,Powrie,apowrie1g@flickr.com,Male,18.66.208.185
54,Susana,Pollicote,spollicote1h@ocn.ne.jp,Female,184.3.60.116
55,Giorgi,Calven,gcalven1i@blogs.com,Male,112.206.44.237
56,Kissiah,Balharry,kbalharry1j@t-online.de,Female,84.175.38.94
57,Merrily,Roger,mroger1k@scientificamerican.com,Female,19.183.156.220
58,Tore,McCalum,tmccalum1l@sun.com,Male,24.203.116.140
59,Austin,Lithgow,alithgow1m@home.pl,Male,97.38.60.26
60,Arnie,Kenshole,akenshole1n@goodreads.com,Male,44.135.182.7
61,Shelbi,Risby,srisby1o@java.com,Female,190.97.57.92
62,Bobina,Szymoni,bszymoni1p@cloudflare.com,Female,231.109.85.24
63,Mordy,Vanstone,mvanstone1q@google.co.uk,Male,72.236.73.171
64,Veronike,Crookston,vcrookston1r@gov.uk,Female,113.233.101.37
65,Ravi,Footitt,rfootitt1s@miibeian.gov.cn,Male,232.208.244.70
66,Aldridge,Oglevie,aoglevie1t@cnet.com,Male,47.87.216.83
67,Bobbie,Swaile,bswaile1u@cdc.gov,Female,169.119.194.141
68,Brennan,Junifer,bjunifer1v@wunderground.com,Male,244.172.93.45
69,Krisha,Croxall,kcroxall1w@telegraph.co.uk,Male,224.59.130.13
70,Valdemar,Raynham,vraynham1x@weebly.com,Male,182.77.136.255
71,Karlyn,Lehrmann,klehrmann1y@feedburner.com,Female,191.208.81.218
72,Thibaud,Porch,tporch1z@arizona.edu,Male,177.142.102.216
73,Thorin,Hartropp,thartropp20@fotki.com,Male,71.52.223.215
74,Magdalena,Addams,maddams21@liveinternet.ru,Female,1.185.97.33
75,Danyelle,Thies,dthies22@japanpost.jp,Female,180.108.84.7
76,Dunstan,Rawlence,drawlence23@jiathis.com,Male,161.227.23.206
77,Taylor,Beckinsall,tbeckinsall24@comcast.net,Male,65.131.45.242
78,Inglis,Breckenridge,ibreckenridge25@sohu.com,Male,148.50.219.167
79,Carolin,Ravenshaw,cravenshaw26@free.fr,Female,62.120.132.130
80,Veradis,Grigori,vgrigori27@thetimes.co.uk,Female,28.133.157.20
81,Miguela,Trounson,mtrounson28@1688.com,Female,203.194.162.213
82,Jacquenette,Simonaitis,jsimonaitis29@flavors.me,Female,221.168.127.116
83,Antoinette,Neilly,aneilly2a@soundcloud.com,Female,22.207.109.77
84,Whitney,Chisnall,wchisnall2b@wikispaces.com,Male,85.126.100.127
85,Lukas,Greensides,lgreensides2c@etsy.com,Male,13.197.220.47
86,Gideon,Fatkin,gfatkin2d@irs.gov,Male,66.240.187.31
87,Agnese,Pharo,apharo2e@usnews.com,Female,35.73.247.1
88,Hubey,Branton,hbranton2f@sciencedirect.com,Male,252.167.48.174
89,Aldis,Doorey,adoorey2g@google.co.uk,Male,200.85.160.12
90,Gwennie,Brommage,gbrommage2h@e-recht24.de,Female,100.230.32.97
91,Edita,Grishankov,egrishankov2i@google.pl,Female,114.91.80.187
92,Brice,Hordle,bhordle2j@cnbc.com,Male,243.66.179.241
93,Gilbertina,Dunlap,gdunlap2k@go.com,Female,167.83.248.73
94,Rufus,Charke,rcharke2l@skype.com,Male,104.82.2.194
95,Cyrill,Kerr,ckerr2m@ustream.tv,Male,185.45.198.132
96,Ardith,Walsom,awalsom2n@reddit.com,Female,75.155.186.104
97,Arvie,Jehan,ajehan2o@51.la,Male,158.89.223.90
98,Milt,Mauchline,mmauchline2p@blogspot.com,Male,4.99.245.175
99,Olympie,Jewis,ojewis2q@ask.com,Female,137.23.40.17
100,Sutherlan,Gwinnell,sgwinnell2r@arizona.edu,Male,21.226.226.169
101,Sibyl,Buzzing,sbuzzing2s@cmu.edu,Female,85.75.11.232
102,Monty,Edgler,medgler2t@topsy.com,Male,46.132.115.164
103,Tate,Healy,thealy2u@si.edu,Female,252.71.84.187
104,Shane,Tanman,stanman2v@un.org,Female,105.63.114.136
105,Andrei,Foxley,afoxley2w@time.com,Female,234.1.172.210
106,Tildi,Slatcher,tslatcher2x@qq.com,Female,88.174.37.251
107,Kain,Ansty,kansty2y@ocn.ne.jp,Male,22.122.196.236
108,Clio,Caig,ccaig2z@boston.com,Female,47.57.244.43
109,Caryn,Malling,cmalling30@jalbum.net,Female,153.33.109.13
110,Ulla,Ligertwood,uligertwood31@forbes.com,Female,106.239.175.88
111,Meara,Dougher,mdougher32@nytimes.com,Female,141.96.71.7
112,Carey,Pallent,cpallent33@utexas.edu,Female,163.25.248.48
113,Isidro,Staff,istaff34@domainmarket.com,Male,167.151.54.148
114,Lincoln,McConaghy,lmcconaghy35@free.fr,Male,78.96.58.185
115,Carmina,Ubanks,cubanks36@hatena.ne.jp,Female,165.98.14.170
116,Lisbeth,Denys,ldenys37@shareasale.com,Female,114.26.232.241
117,Anita,Eltringham,aeltringham38@yellowpages.com,Female,17.85.107.29
118,Lancelot,Jurgen,ljurgen39@wix.com,Male,162.62.115.225
119,Cathie,Klimpt,cklimpt3a@google.com.au,Female,32.138.190.21
120,Svend,Setchfield,ssetchfield3b@columbia.edu,Male,215.119.254.80
121,Brit,Well,bwell3c@usa.gov,Male,92.52.198.212
122,Judah,Downe,jdowne3d@live.com,Male,225.97.174.30
123,Evin,Gorwood,egorwood3e@blinklist.com,Male,194.102.13.139
124,Edlin,Watford,ewatford3f@boston.com,Male,93.61.248.45
125,David,Gibke,dgibke3g@xing.com,Male,52.111.14.90
126,Saunder,Bayldon,sbayldon3h@fc2.com,Male,89.162.29.197
127,Wilhelmina,Winkworth,wwinkworth3i@simplemachines.org,Female,71.244.195.242
128,Mikel,Fri,mfri3j@ycombinator.com,Male,255.146.185.107
129,Joelly,Montel,jmontel3k@sphinn.com,Female,49.229.75.75
130,Cazzie,Rablin,crablin3l@theatlantic.com,Male,250.77.176.222
131,Shirl,Ongin,songin3m@netvibes.com,Female,119.113.136.187
132,Hodge,Keely,hkeely3n@phpbb.com,Male,112.7.242.66
133,Grannie,Kilbane,gkilbane3o@bandcamp.com,Male,210.224.128.233
134,Em,Tanguy,etanguy3p@forbes.com,Female,6.242.136.240
135,Rebeca,Jales,rjales3q@live.com,Female,25.15.11.184
136,Bartlet,Snowden,bsnowden3r@delicious.com,Male,213.160.200.98
137,Rori,Greenwell,rgreenwell3s@msu.edu,Female,59.89.140.113
138,Scarface,Messum,smessum3t@cbsnews.com,Male,234.189.117.204
139,Stillman,McNeish,smcneish3u@last.fm,Male,14.21.188.217
140,Rozamond,Knibbs,rknibbs3v@statcounter.com,Female,58.49.4.197
141,Buck,Craster,bcraster3w@51.la,Male,14.205.218.46
142,Mendie,Bennett,mbennett3x@netscape.com,Male,15.31.25.176
143,Theodora,Challenor,tchallenor3y@hibu.com,Female,20.101.111.113
144,Quinta,Keemer,qkeemer3z@phoca.cz,Female,117.159.67.198
145,Ruben,Haliday,rhaliday40@mayoclinic.com,Male,212.119.97.195
146,Willdon,Vedenisov,wvedenisov41@networksolutions.com,Male,108.182.231.153
147,Dwayne,Charters,dcharters42@sina.com.cn,Male,120.51.56.18
148,Poul,Merricks,pmerricks43@springer.com,Male,214.188.69.40
149,Myles,Olley,molley44@dailymail.co.uk,Male,10.72.157.251
150,Ignazio,Philot,iphilot45@soundcloud.com,Male,251.190.194.223
151,Elsie,Trewin,etrewin46@dell.com,Female,129.50.28.53
152,Feliza,Verdon,fverdon47@ameblo.jp,Female,45.180.162.62
153,Miguel,Doodson,mdoodson48@chronoengine.com,Male,157.64.249.107
154,Celia,Juste,cjuste49@fda.gov,Female,122.188.138.103
155,Jody,Blaber,jblaber4a@lulu.com,Female,245.209.6.156
156,Adelaide,Furmston,afurmston4b@ameblo.jp,Female,139.133.222.179
157,Duff,Bartels-Ellis,dbartelsellis4c@epa.gov,Male,225.85.103.137
158,Forster,Brideau,fbrideau4d@creativecommons.org,Male,15.124.124.194
159,Helsa,Jaspar,hjaspar4e@telegraph.co.uk,Female,62.227.123.45
160,Fredia,Gibben,fgibben4f@princeton.edu,Female,94.120.9.227
161,Jdavie,Faragher,jfaragher4g@rediff.com,Male,149.225.239.188
162,Algernon,Capron,acapron4h@studiopress.com,Male,103.154.81.115
163,Bourke,Toyer,btoyer4i@altervista.org,Male,232.73.228.32
164,Creighton,Beneteau,cbeneteau4j@tripod.com,Male,177.194.235.38
165,Fielding,Scutts,fscutts4k@youku.com,Male,156.73.80.186
166,Taber,Terbrug,tterbrug4l@yahoo.co.jp,Male,35.159.160.136
167,Saundra,Strongitharm,sstrongitharm4m@blogs.com,Female,155.211.117.141
168,Garvin,Whistan,gwhistan4n@dmoz.org,Male,208.192.86.250
169,Florella,Baskeyfied,fbaskeyfied4o@cargocollective.com,Female,193.242.138.186
170,Izabel,Duckett,iduckett4p@archive.org,Female,229.83.179.149
171,Farah,De Rye Barrett,fderyebarrett4q@kickstarter.com,Female,4.163.164.128
172,Auguste,Tison,atison4r@wikia.com,Female,170.13.108.11
173,Frank,Hartrick,fhartrick4s@baidu.com,Male,243.114.96.80
174,Burke,Grelak,bgrelak4t@google.it,Male,210.251.18.15
175,Ines,Prestage,iprestage4u@facebook.com,Female,248.177.233.51
176,Cthrine,Blampied,cblampied4v@cloudflare.com,Female,182.114.43.144
177,Nelly,Chifney,nchifney4w@so-net.ne.jp,Female,137.207.61.241
178,Frazer,Shoosmith,fshoosmith4x@uol.com.br,Male,227.11.128.105
179,Prent,Handford,phandford4y@furl.net,Male,254.226.106.16
180,Thornie,Merrgen,tmerrgen4z@marketwatch.com,Male,131.8.71.90
181,Dale,Marlowe,dmarlowe50@nifty.com,Male,68.188.169.178
182,Cyb,Divina,cdivina51@canalblog.com,Female,11.27.127.145
183,Carmelle,Fedoronko,cfedoronko52@geocities.com,Female,229.87.122.246
184,Allan,O'Griffin,aogriffin53@trellian.com,Male,56.181.117.11
185,Dame,Bruford,dbruford54@google.de,Male,244.90.54.190
186,Derril,Kembrey,dkembrey55@issuu.com,Male,131.5.29.59
187,Jefferson,Arkin,jarkin56@amazon.de,Male,221.159.178.93
188,Man,Edbrooke,medbrooke57@discuz.net,Male,61.162.14.100
189,Madel,Sangwine,msangwine58@ocn.ne.jp,Female,217.59.216.208
190,Hartwell,Leadley,hleadley59@alibaba.com,Male,176.152.226.179
191,Odetta,Mithan,omithan5a@slideshare.net,Female,80.221.115.3
192,Guinevere,Klazenga,gklazenga5b@xrea.com,Female,60.49.164.211
193,Laughton,Giabuzzi,lgiabuzzi5c@skyrock.com,Male,35.55.196.95
194,Baillie,Briscam,bbriscam5d@statcounter.com,Male,16.18.237.17
195,Milly,Killelea,mkillelea5e@virginia.edu,Female,54.14.65.34
196,Elsbeth,Chimienti,echimienti5f@deviantart.com,Female,201.232.209.9
197,Myrah,Stapels,mstapels5g@cnbc.com,Female,151.7.7.39
198,Fae,Philbrook,fphilbrook5h@globo.com,Female,85.117.216.142
199,Edythe,Pettet,epettet5i@youtube.com,Female,195.64.174.201
200,Tomas,Skipsea,tskipsea5j@pcworld.com,Male,79.214.171.204
201,Nikki,Fend,nfend5k@quantcast.com,Male,110.33.60.71
202,Traver,McAuslan,tmcauslan5l@home.pl,Male,174.67.128.180
203,Nevsa,Buttel,nbuttel5m@netlog.com,Female,197.3.216.63
204,Feliks,Lade,flade5n@harvard.edu,Male,221.190.82.88
205,Miquela,Garci,mgarci5o@businessinsider.com,Female,158.46.141.252
206,Cassondra,Battle,cbattle5p@is.gd,Female,25.240.133.112
207,Harlin,Dammarell,hdammarell5q@usda.gov,Male,50.198.223.167
208,Johanna,Such,jsuch5r@forbes.com,Female,140.24.216.198
209,Janenna,Van Hove,jvanhove5s@phoca.cz,Female,245.110.81.11
210,Christiana,Grelik,cgrelik5t@angelfire.com,Female,134.200.101.47
211,Osborne,Poge,opoge5u@purevolume.com,Male,13.122.254.119
212,Remy,Cowthart,rcowthart5v@harvard.edu,Female,220.89.170.147
213,Rancell,Laybourn,rlaybourn5w@virginia.edu,Male,10.215.5.213
214,Lusa,Riggulsford,lriggulsford5x@whitehouse.gov,Female,115.6.84.7
215,Lock,Priestman,lpriestman5y@wikispaces.com,Male,184.190.195.80
216,Ezra,Gainsford,egainsford5z@salon.com,Male,201.1.190.208
217,Trey,Brobyn,tbrobyn60@rakuten.co.jp,Male,84.46.180.136
218,Arie,Legge,alegge61@go.com,Male,68.24.198.115
219,Balduin,Rainard,brainard62@yolasite.com,Male,37.112.145.162
220,Charlean,Capey,ccapey63@goo.gl,Female,159.81.144.242
221,Charmian,Samuel,csamuel64@admin.ch,Female,73.205.232.197
222,Ambur,Regglar,aregglar65@berkeley.edu,Female,201.242.222.40
223,Tiena,Elegood,telegood66@chronoengine.com,Female,43.141.75.27
224,Leupold,Skeffington,lskeffington67@unc.edu,Male,157.199.136.16
225,Marilin,Veness,mveness68@arizona.edu,Female,91.68.176.151
226,Antin,Radwell,aradwell69@usda.gov,Male,87.155.181.162
227,Ugo,Kerwen,ukerwen6a@wsj.com,Male,237.208.106.76
228,Giralda,Halcro,ghalcro6b@cafepress.com,Female,117.120.212.78
229,Lammond,Gresly,lgresly6c@paginegialle.it,Male,104.14.126.55
230,Marten,Overy,movery6d@imgur.com,Male,185.91.54.99
231,Alicea,Cleave,acleave6e@slate.com,Female,214.191.88.168
232,Son,Wicks,swicks6f@ow.ly,Male,23.131.30.38
233,Marylin,Fairn,mfairn6g@tripadvisor.com,Female,130.123.95.28
234,Inez,Tesyro,itesyro6h@twitter.com,Female,212.158.167.90
235,Nehemiah,Brissenden,nbrissenden6i@is.gd,Male,58.188.62.219
236,Dorey,Andrioletti,dandrioletti6j@businessinsider.com,Male,255.54.44.171
237,Evita,McAllen,emcallen6k@exblog.jp,Female,208.191.244.198
238,Koren,Node,knode6l@google.com,Female,224.107.85.134
239,Colly,Canning,ccanning6m@51.la,Female,217.226.226.26
240,Hughie,Garter,hgarter6n@booking.com,Male,120.243.22.5
241,Hamid,Lowton,hlowton6o@github.com,Male,123.158.167.70
242,Isidoro,Mitie,imitie6p@oracle.com,Male,241.29.113.171
243,Felisha,Osbourn,fosbourn6q@samsung.com,Female,213.57.206.123
244,Erhart,Hasley,ehasley6r@fda.gov,Male,193.67.161.13
245,Yuma,Cosgrave,ycosgrave6s@opensource.org,Male,73.35.3.98
246,Allix,Pratley,apratley6t@live.com,Female,239.151.202.85
247,Worth,Hedge,whedge6u@salon.com,Male,3.96.62.16
248,Chiarra,Murty,cmurty6v@businessinsider.com,Female,228.239.31.85
249,Lucita,Pideon,lpideon6w@feedburner.com,Female,28.12.115.102
250,Sullivan,Gabbatiss,sgabbatiss6x@lycos.com,Male,164.60.33.243
251,Kean,Domerque,kdomerque6y@twitter.com,Male,8.55.94.216
252,Tillie,Hardway,thardway6z@yale.edu,Female,181.212.45.134
253,Barty,Danjoie,bdanjoie70@china.com.cn,Male,206.130.8.155
254,Leif,Cawood,lcawood71@telegraph.co.uk,Male,191.44.107.13
255,Ella,Kippling,ekippling72@tinyurl.com,Female,250.205.24.65
256,Alastair,Heifer,aheifer73@technorati.com,Male,40.109.20.249
257,Griz,Corrigan,gcorrigan74@yelp.com,Male,189.80.174.221
258,Katya,Killingbeck,kkillingbeck75@pinterest.com,Female,46.11.188.10
259,Kalli,Scogin,kscogin76@reuters.com,Female,85.47.185.97
260,Verna,Rubie,vrubie77@samsung.com,Female,124.171.182.28
261,Shanie,Sipson,ssipson78@mapquest.com,Female,184.168.137.137
262,Catherine,Hendrichs,chendrichs79@amazon.de,Female,117.124.108.80
263,Hortense,Draayer,hdraayer7a@google.com,Female,206.148.124.174
264,Osbourne,Sambidge,osambidge7b@bizjournals.com,Male,154.130.118.233
265,Iorgo,Dack,idack7c@blinklist.com,Male,29.89.173.155
266,Justine,Willans,jwillans7d@npr.org,Female,134.233.63.34
267,Ike,Collingwood,icollingwood7e@usnews.com,Male,171.125.189.109
268,Monti,Brellin,mbrellin7f@theguardian.com,Male,143.38.175.20
269,Oralia,Ottewill,oottewill7g@cdc.gov,Female,72.168.169.186
270,Hollis,Vassano,hvassano7h@biblegateway.com,Male,170.246.122.58
271,Bryn,Giblett,bgiblett7i@bandcamp.com,Female,255.75.153.1
272,Anna,Regus,aregus7j@japanpost.jp,Female,117.219.223.22
273,Valdemar,Searchwell,vsearchwell7k@yellowbook.com,Male,119.150.4.167
274,Liane,Mulqueen,lmulqueen7l@seesaa.net,Female,177.38.104.41
275,Harvey,Sanbroke,hsanbroke7m@unesco.org,Male,29.71.70.13
276,Millard,Polycote,mpolycote7n@imageshack.us,Male,148.156.145.5
277,Markos,Risely,mrisely7o@zdnet.com,Male,97.224.127.25
278,Seward,Akitt,sakitt7p@technorati.com,Male,112.238.236.216
279,Jessalin,Tamsett,jtamsett7q@goodreads.com,Female,113.217.20.34
280,Ajay,Rubinivitz,arubinivitz7r@oakley.com,Female,166.113.40.30
281,Constantin,Alban,calban7s@macromedia.com,Male,15.225.185.228
282,Kristian,Perrigo,kperrigo7t@businessweek.com,Male,56.242.154.244
283,Aubrey,Thomlinson,athomlinson7u@mashable.com,Male,113.124.166.72
284,Maryellen,Esselin,messelin7v@alexa.com,Female,205.231.55.173
285,Derwin,Rasor,drasor7w@dell.com,Male,62.49.47.221
286,Duane,Lemonnier,dlemonnier7x@ning.com,Male,141.11.29.125
287,Gunter,Bolley,gbolley7y@nhs.uk,Male,233.214.245.140
288,Giustino,McLelland,gmclelland7z@nymag.com,Male,189.151.225.181
289,Gustavo,Burnie,gburnie80@addtoany.com,Male,136.10.21.24
290,Gerri,Bozier,gbozier81@cnbc.com,Female,198.191.131.146
291,Maggie,Scahill,mscahill82@imdb.com,Female,189.119.11.210
292,Terese,Bigham,tbigham83@yandex.ru,Female,166.124.0.178
293,Debbie,Yurov,dyurov84@arizona.edu,Female,171.21.195.109
294,Laurent,Lackmann,llackmann85@creativecommons.org,Male,74.79.199.23
295,Odell,Beidebeke,obeidebeke86@amazonaws.com,Male,14.70.236.7
296,Jewell,Agdahl,jagdahl87@biblegateway.com,Female,130.31.145.191
297,Georgiana,Flear,gflear88@wired.com,Female,168.201.225.84
298,Mikol,Garton,mgarton89@microsoft.com,Male,161.226.87.106
299,Seamus,Sapson,ssapson8a@house.gov,Male,6.247.39.26
300,Welsh,Wilds,wwilds8b@slashdot.org,Male,72.101.231.41
301,Trista,Skirling,tskirling8c@4shared.com,Female,161.148.5.69
302,Agnes,Paradyce,aparadyce8d@apache.org,Female,175.8.201.213
303,Remus,Tressler,rtressler8e@hp.com,Male,119.40.34.212
304,Cori,Jandak,cjandak8f@hud.gov,Male,61.69.180.105
305,Kristofer,Chessil,kchessil8g@hatena.ne.jp,Male,249.52.224.122
306,Zachariah,Lecky,zlecky8h@howstuffworks.com,Male,18.13.168.50
307,Sanders,Cranage,scranage8i@desdev.cn,Male,229.195.247.222
308,Shannon,Rickarsey,srickarsey8j@auda.org.au,Male,13.236.42.179
309,Derek,Henrichsen,dhenrichsen8k@artisteer.com,Male,206.209.74.3
310,Mab,Tobias,mtobias8l@netscape.com,Female,2.124.204.138
311,Xenia,Cawthron,xcawthron8m@chicagotribune.com,Female,147.160.12.131
312,Mitchel,Betteson,mbetteson8n@seattletimes.com,Male,130.128.168.237
313,Lindsay,Beisley,lbeisley8o@noaa.gov,Male,27.139.205.248
314,Muffin,Shailer,mshailer8p@sciencedaily.com,Female,198.44.144.228
315,Dallon,Kardos-Stowe,dkardosstowe8q@digg.com,Male,231.77.92.2
316,Karlyn,Satterthwaite,ksatterthwaite8r@accuweather.com,Female,214.149.120.197
317,Reta,Hallahan,rhallahan8s@utexas.edu,Female,252.17.7.176
318,Eolanda,Cammomile,ecammomile8t@alibaba.com,Female,153.31.228.42
319,Loralee,Cavil,lcavil8u@ustream.tv,Female,228.93.196.8
320,Putnam,Ashe,pashe8v@shop-pro.jp,Male,126.108.207.87
321,Kelcy,Penddreth,kpenddreth8w@dagondesign.com,Female,156.186.182.241
322,Bald,Skitch,bskitch8x@timesonline.co.uk,Male,124.135.85.121
323,Erik,Gotobed,egotobed8y@xrea.com,Male,20.124.137.68
324,Carmel,Segrott,csegrott8z@economist.com,Female,21.12.153.254
325,Arri,Felgat,afelgat90@ask.com,Male,181.73.161.190
326,Selle,Drew-Clifton,sdrewclifton91@walmart.com,Female,150.2.176.26
327,Amaleta,Popelay,apopelay92@cpanel.net,Female,13.151.194.3
328,Ingra,Morch,imorch93@last.fm,Male,167.135.5.203
329,Jessie,Waterfall,jwaterfall94@mysql.com,Male,56.255.162.162
330,Cosmo,Loughton,cloughton95@360.cn,Male,96.231.126.151
331,Gibbie,Stamp,gstamp96@github.io,Male,165.36.77.24
332,Hurlee,Joss,hjoss97@gov.uk,Male,202.119.58.167
333,Lorri,Johnigan,ljohnigan98@salon.com,Female,162.115.195.9
334,May,Ubank,mubank99@unicef.org,Female,16.46.184.119
335,Aeriel,Herrieven,aherrieven9a@economist.com,Female,170.59.54.203
336,Dorian,Sandlin,dsandlin9b@newsvine.com,Female,131.23.98.82
337,Vidovik,Simonot,vsimonot9c@noaa.gov,Male,228.178.43.139
338,Ogdon,Coop,ocoop9d@geocities.jp,Male,105.17.49.51
339,Allsun,Bollini,abollini9e@cnet.com,Female,150.247.27.167
340,Gabrielle,Latehouse,glatehouse9f@prnewswire.com,Female,154.169.155.19
341,Annora,Sandyford,asandyford9g@soup.io,Female,2.166.97.12
342,Annadiana,Lillee,alillee9h@360.cn,Female,78.128.137.234
343,Sigmund,Yanshin,syanshin9i@arizona.edu,Male,118.32.41.70
344,Rouvin,Goodale,rgoodale9j@livejournal.com,Male,150.227.58.29
345,Concettina,Jolliman,cjolliman9k@chicagotribune.com,Female,21.90.133.89
346,Niven,Traynor,ntraynor9l@sourceforge.net,Male,188.213.104.156
347,Rob,Carrel,rcarrel9m@vimeo.com,Male,76.75.237.1
348,Nat,Schenfisch,nschenfisch9n@tripod.com,Female,74.223.164.33
349,Winslow,Cribbins,wcribbins9o@nationalgeographic.com,Male,222.103.175.58
350,Jamaal,Streak,jstreak9p@facebook.com,Male,27.5.78.57
351,Kameko,Reggio,kreggio9q@t-online.de,Female,79.185.254.10
352,Valdemar,Harroway,vharroway9r@bizjournals.com,Male,240.184.224.112
353,Amalee,Maher,amaher9s@naver.com,Female,30.34.75.118
354,Raimund,Kimmel,rkimmel9t@gizmodo.com,Male,58.25.189.21
355,Ulrich,Pilgram,upilgram9u@rakuten.co.jp,Male,178.218.170.174
356,Britni,Spiller,bspiller9v@a8.net,Female,202.45.84.153
357,Hoyt,Beadles,hbeadles9w@redcross.org,Male,15.46.39.78
358,Coleman,Nouch,cnouch9x@smugmug.com,Male,221.87.180.141
359,Timothea,Sowood,tsowood9y@google.it,Female,251.58.228.244
360,Myrta,Mahaddie,mmahaddie9z@clickbank.net,Female,94.102.33.152
361,Lenna,Grigolon,lgrigolona0@icio.us,Female,67.169.104.170
362,Lucinda,Shimoni,lshimonia1@imgur.com,Female,69.6.227.113
363,Gustav,Rymmer,grymmera2@sogou.com,Male,116.55.22.200
364,Milka,Arlett,marletta3@ifeng.com,Female,235.5.33.198
365,Ivie,Greenroa,igreenroaa4@about.com,Female,48.60.14.9
366,Thain,Juza,tjuzaa5@gmpg.org,Male,182.115.2.117
367,Elissa,Jacklin,ejacklina6@marketwatch.com,Female,205.77.74.42
368,Adlai,Ecclestone,aecclestonea7@google.de,Male,101.46.149.115
369,Eadie,Summerfield,esummerfielda8@squidoo.com,Female,84.106.9.148
370,Kaspar,Jacqueminet,kjacquemineta9@techcrunch.com,Male,123.71.141.208
371,Mauricio,Goodinson,mgoodinsonaa@upenn.edu,Male,134.83.47.127
372,Sadie,Brogini,sbroginiab@blog.com,Female,204.158.86.172
373,Brit,Stredder,bstredderac@pinterest.com,Female,212.2.112.42
374,Port,Hoodspeth,phoodspethad@cyberchimps.com,Male,227.153.112.224
375,Moira,O'Carran,mocarranae@networksolutions.com,Female,252.253.80.206
376,Chane,Waszkiewicz,cwaszkiewiczaf@spiegel.de,Male,251.129.209.154
377,Bil,Rupert,brupertag@sphinn.com,Male,92.201.107.228
378,Nevins,Erskine,nerskineah@barnesandnoble.com,Male,212.36.131.14
379,Kaitlynn,Bedbrough,kbedbroughai@dyndns.org,Female,174.146.113.18
380,Shaw,Fante,sfanteaj@freewebs.com,Male,239.1.75.135
381,Golda,Huddart,ghuddartak@mapy.cz,Female,198.221.182.105
382,Elijah,Pulteneye,epulteneyeal@hao123.com,Male,201.214.90.243
383,Clarey,Tunder,ctunderam@opera.com,Female,20.180.61.214
384,Randee,Farr,rfarran@squidoo.com,Female,207.153.77.94
385,Locke,Cadney,lcadneyao@goo.ne.jp,Male,22.137.30.42
386,Lotta,Fawke,lfawkeap@gmpg.org,Female,99.152.128.65
387,Euphemia,Enoksson,eenokssonaq@nih.gov,Female,196.62.9.179
388,Grange,Brigman,gbrigmanar@twitpic.com,Male,227.136.203.98
389,Quincy,Luckcuck,qluckcuckas@cdc.gov,Male,96.226.60.159
390,Tudor,Orys,torysat@github.io,Male,129.74.53.68
391,Miguelita,Loveman,mlovemanau@mayoclinic.com,Female,121.145.125.97
392,Igor,Morewood,imorewoodav@thetimes.co.uk,Male,46.117.218.237
393,Daryle,Baraclough,dbaracloughaw@friendfeed.com,Male,224.170.3.84
394,Rolando,Morison,rmorisonax@phpbb.com,Male,88.13.192.187
395,Lesly,Killich,lkillichay@thetimes.co.uk,Female,211.26.40.238
396,Inglis,Jandl,ijandlaz@bluehost.com,Male,216.47.166.171
397,Hillard,Salazar,hsalazarb0@smh.com.au,Male,61.182.89.110
398,Ivar,Gaggen,igaggenb1@telegraph.co.uk,Male,248.69.32.38
399,Evey,De Simoni,edesimonib2@statcounter.com,Female,187.234.142.55
400,Jean,Yaakov,jyaakovb3@tumblr.com,Male,151.42.112.237
401,Aundrea,Cowely,acowelyb4@mediafire.com,Female,137.4.178.77
402,Chrissy,Laing,claingb5@infoseek.co.jp,Male,132.167.20.118
403,Friedrich,Despenser,fdespenserb6@arstechnica.com,Male,236.248.45.139
404,Bell,Starrs,bstarrsb7@google.com.hk,Female,48.153.205.22
405,Cornela,Addington,caddingtonb8@so-net.ne.jp,Female,35.44.111.33
406,Lenard,Feenan,lfeenanb9@webmd.com,Male,230.4.176.13
407,Magdaia,Bletcher,mbletcherba@free.fr,Female,194.176.75.112
408,Jeth,Kivelhan,jkivelhanbb@networkadvertising.org,Male,6.135.118.152
409,Boniface,Pickett,bpickettbc@ycombinator.com,Male,106.59.243.66
410,Hewet,Beveredge,hbeveredgebd@ox.ac.uk,Male,182.186.244.48
411,Maddy,Scamadin,mscamadinbe@360.cn,Female,44.38.158.7
412,Lois,Spackman,lspackmanbf@cnet.com,Female,32.59.196.193
413,Dorelle,Darlaston,ddarlastonbg@opera.com,Female,107.21.163.159
414,Jobey,Banbridge,jbanbridgebh@hp.com,Female,11.145.143.111
415,Kelila,Rainsdon,krainsdonbi@columbia.edu,Female,93.113.39.200
416,Thorny,Matusiak,tmatusiakbj@smugmug.com,Male,228.27.201.226
417,Mareah,Spurden,mspurdenbk@google.de,Female,95.213.21.76
418,Arvie,Cyples,acyplesbl@usnews.com,Male,37.114.247.61
419,Cesar,Folkerd,cfolkerdbm@ucoz.ru,Male,53.129.18.236
420,Cherlyn,Paunton,cpauntonbn@illinois.edu,Female,123.121.61.55
421,Margit,Skyram,mskyrambo@123-reg.co.uk,Female,8.157.105.133
422,Traci,Stealy,tstealybp@yellowbook.com,Female,50.202.232.86
423,Berte,Babbe,bbabbebq@prweb.com,Female,9.189.166.101
424,Donia,Carik,dcarikbr@toplist.cz,Female,237.152.61.58
425,Glenine,Honniebal,ghonniebalbs@oracle.com,Female,87.186.15.242
426,Myrvyn,Wreak,mwreakbt@techcrunch.com,Male,184.125.110.108
427,Artair,Putterill,aputterillbu@jigsy.com,Male,105.6.109.91
428,Auberon,Dakers,adakersbv@eventbrite.com,Male,104.70.136.47
429,Ingrim,Tournay,itournaybw@dedecms.com,Male,23.68.57.2
430,Blondy,Sazio,bsaziobx@domainmarket.com,Female,251.193.216.60
431,Carley,Mulcaster,cmulcasterby@mac.com,Female,212.84.140.99
432,Louisa,McCumesky,lmccumeskybz@usgs.gov,Female,24.35.139.0
433,Max,Langston,mlangstonc0@dot.gov,Female,197.83.150.59
434,Leone,Rault,lraultc1@webeden.co.uk,Female,241.143.74.247
435,Eleanora,Paslow,epaslowc2@foxnews.com,Female,50.53.126.242
436,Fawn,Hargreaves,fhargreavesc3@netlog.com,Female,249.122.213.60
437,Elwood,Gummoe,egummoec4@multiply.com,Male,49.189.48.4
438,Irving,Riseborough,iriseboroughc5@lycos.com,Male,223.197.194.47
439,Roth,Eagell,reagellc6@nytimes.com,Male,18.118.163.222
440,Rowan,Mapham,rmaphamc7@chicagotribune.com,Male,76.100.158.100
441,Gaultiero,Eccleston,gecclestonc8@imdb.com,Male,161.102.137.131
442,Mickie,Ojeda,mojedac9@ihg.com,Male,38.60.155.56
443,Bel,Donnellan,bdonnellanca@gov.uk,Female,169.21.174.151
444,Lincoln,Ossulton,lossultoncb@alibaba.com,Male,41.78.18.115
445,Astra,Warcop,awarcopcc@theguardian.com,Female,141.195.97.177
446,Arvin,Stygall,astygallcd@ameblo.jp,Male,137.154.7.101
447,Marthe,Jefferies,mjefferiesce@cpanel.net,Female,98.139.64.152
448,Karel,McReath,kmcreathcf@pen.io,Female,51.48.196.92
449,Robin,Lockney,rlockneycg@imageshack.us,Female,192.221.220.248
450,Kurtis,Druhan,kdruhanch@w3.org,Male,211.212.67.207
451,Anabel,Darque,adarqueci@goo.ne.jp,Female,138.110.56.227
452,Welch,Cubuzzi,wcubuzzicj@imdb.com,Male,74.107.173.87
453,Lowell,Burbidge,lburbidgeck@utexas.edu,Male,88.199.138.212
454,Gregg,De Morena,gdemorenacl@alibaba.com,Male,1.109.146.230
455,Mayor,Alberts,malbertscm@hatena.ne.jp,Male,138.38.15.160
456,Katee,Batisse,kbatissecn@ted.com,Female,201.210.85.180
457,Celene,Dowman,cdowmanco@mozilla.com,Female,231.42.12.224
458,Shana,Poley,spoleycp@dion.ne.jp,Female,34.177.80.125
459,Pru,Handaside,phandasidecq@unesco.org,Female,73.246.73.77
460,Julianna,MacCumiskey,jmaccumiskeycr@seattletimes.com,Female,219.22.36.9
461,Kippie,Pley,kpleycs@usatoday.com,Male,192.114.195.157
462,Emmott,Clemenson,eclemensonct@adobe.com,Male,171.0.14.170
463,Maurizio,Malbon,mmalboncu@admin.ch,Male,210.198.127.185
464,Lynn,Lassetter,llassettercv@360.cn,Male,81.252.95.181
465,Britney,Argyle,bargylecw@usa.gov,Female,203.147.56.140
466,Langston,Bowle,lbowlecx@wikipedia.org,Male,186.68.128.136
467,Erhard,Wardington,ewardingtoncy@dropbox.com,Male,45.78.155.191
468,Saunder,Sidworth,ssidworthcz@marketwatch.com,Male,201.76.72.109
469,Alejandrina,Soppitt,asoppittd0@skyrock.com,Female,23.243.66.143
470,Kial,Spinetti,kspinettid1@kickstarter.com,Female,151.116.168.229
471,Isadora,Curtin,icurtind2@netlog.com,Female,83.208.142.105
472,Darby,Gooders,dgoodersd3@noaa.gov,Female,13.106.191.233
473,Ambros,Barnsley,abarnsleyd4@shop-pro.jp,Male,84.50.220.156
474,Reidar,Lapidus,rlapidusd5@wordpress.com,Male,214.210.8.106
475,Stanford,Willoughey,swillougheyd6@smh.com.au,Male,17.224.248.55
476,Lurline,Collumbine,lcollumbined7@macromedia.com,Female,89.200.75.193
477,Odele,Biasetti,obiasettid8@ox.ac.uk,Female,91.69.154.93
478,Rita,Buessen,rbuessend9@dot.gov,Female,217.131.213.243
479,Lorilyn,Klaesson,lklaessonda@163.com,Female,154.185.249.167
480,Alden,Clemenzi,aclemenzidb@omniture.com,Male,241.23.62.130
481,Joline,Treswell,jtreswelldc@foxnews.com,Female,202.179.241.179
482,Kylynn,Mithan,kmithandd@domainmarket.com,Female,51.42.85.117
483,Jocelyn,Jenkison,jjenkisonde@taobao.com,Female,244.104.54.178
484,Pooh,Ratcliffe,pratcliffedf@edublogs.org,Female,46.76.255.230
485,Marysa,Tregidga,mtregidgadg@instagram.com,Female,124.226.20.205
486,Niven,Pauly,npaulydh@google.fr,Male,98.164.145.140
487,Luelle,Thynn,lthynndi@jimdo.com,Female,241.52.245.135
488,Hugues,Hirjak,hhirjakdj@yellowpages.com,Male,197.1.251.225
489,Sim,Snelgrove,ssnelgrovedk@bbb.org,Male,215.47.73.16
490,Paulina,Hughland,phughlanddl@dot.gov,Female,145.11.92.126
491,Paula,Mitchelmore,pmitchelmoredm@marriott.com,Female,31.81.213.252
492,Harriett,Franzotto,hfranzottodn@networksolutions.com,Female,160.215.250.68
493,Gilberto,I'anson,giansondo@google.de,Male,77.142.108.227
494,Lorette,Tugwell,ltugwelldp@va.gov,Female,7.211.118.121
495,Babb,Linton,blintondq@over-blog.com,Female,23.69.110.127
496,Louis,Physic,lphysicdr@etsy.com,Male,59.98.139.86
497,Ramon,Aldus,raldusds@gizmodo.com,Male,152.59.171.57
498,Avis,Larkin,alarkindt@cdbaby.com,Female,5.110.231.54
499,Cherry,Goodday,cgooddaydu@ucoz.ru,Female,39.51.127.237
500,Nico,Beig,nbeigdv@jigsy.com,Male,163.132.202.250
501,Rivalee,Huggons,rhuggonsdw@businessinsider.com,Female,173.212.178.162
502,Katalin,Ioan,kioandx@goodreads.com,Female,100.201.1.187
503,Waylen,Philliphs,wphilliphsdy@is.gd,Male,245.81.76.181
504,Templeton,Renn,trenndz@europa.eu,Male,44.28.152.93
505,Quinton,Dalrymple,qdalrymplee0@vk.com,Male,15.106.30.161
506,Jens,Tethacot,jtethacote1@mozilla.com,Male,14.233.242.4
507,Sean,Rowth,srowthe2@google.com.hk,Female,99.160.153.146
508,Deb,Blackbrough,dblackbroughe3@archive.org,Female,154.141.226.234
509,Gallagher,Dombrell,gdombrelle4@w3.org,Male,177.31.47.190
510,Will,Pedron,wpedrone5@msn.com,Male,96.66.87.56
511,Waylan,Burnsyde,wburnsydee6@imageshack.us,Male,230.225.89.141
512,Smitty,Barfoot,sbarfoote7@nifty.com,Male,165.251.163.173
513,Renaldo,Downie,rdowniee8@berkeley.edu,Male,234.40.253.46
514,Tonnie,Strelitzki,tstrelitzkie9@hibu.com,Male,194.44.158.235
515,Sutherlan,Bretherick,sbretherickea@tripadvisor.com,Male,36.136.229.160
516,Kippy,Janisson,kjanissoneb@ihg.com,Female,234.149.145.111
517,Maximilien,Torbard,mtorbardec@goo.ne.jp,Male,121.195.51.124
518,Breena,Greenstock,bgreenstocked@i2i.jp,Female,58.192.219.6
519,Marsha,Broadbent,mbroadbentee@usatoday.com,Female,22.165.118.78
520,Rand,Giacobilio,rgiacobilioef@amazon.com,Male,10.191.226.48
521,Cass,Slaney,cslaneyeg@usatoday.com,Female,8.47.122.77
522,Margeaux,Hanton,mhantoneh@newsvine.com,Female,19.28.63.246
523,Tiertza,Maden,tmadenei@slideshare.net,Female,197.144.204.209
524,Madelon,Sketh,mskethej@acquirethisname.com,Female,31.12.255.165
525,Chelsey,Penvarne,cpenvarneek@infoseek.co.jp,Female,237.232.194.218
526,Tony,Belsham,tbelshamel@yellowpages.com,Female,238.40.58.75
527,Grantley,Jamrowicz,gjamrowiczem@dailymotion.com,Male,144.32.213.191
528,Morgana,Dixie,mdixieen@weibo.com,Female,3.188.109.64
529,York,O'Nolan,yonolaneo@seattletimes.com,Male,27.181.172.84
530,Aurea,Andrysek,aandrysekep@constantcontact.com,Female,220.154.62.191
531,Timmy,Chisman,tchismaneq@domainmarket.com,Male,161.194.142.139
532,Dede,Britney,dbritneyer@myspace.com,Female,247.164.207.95
533,Bryce,Popov,bpopoves@ning.com,Male,10.253.223.222
534,Hobey,Sedcole,hsedcoleet@wired.com,Male,191.126.141.132
535,Peggie,Ventham,pventhameu@google.fr,Female,12.164.145.9
536,Hilarius,Gutierrez,hgutierrezev@patch.com,Male,21.66.114.234
537,Andrey,Giovannardi,agiovannardiew@berkeley.edu,Male,43.54.188.153
538,Dame,Stuckley,dstuckleyex@macromedia.com,Male,117.57.184.30
539,Kinsley,Syred,ksyredey@tinyurl.com,Male,195.131.173.172
540,Pooh,Lunk,plunkez@i2i.jp,Female,179.168.101.195
541,Judah,Blankett,jblankettf0@soundcloud.com,Male,43.202.73.48
542,Jehu,Fulger,jfulgerf1@ycombinator.com,Male,5.223.173.0
543,Edgard,McGaugey,emcgaugeyf2@furl.net,Male,158.97.37.147
544,Fleming,McMenamie,fmcmenamief3@europa.eu,Male,216.126.46.34
545,Marion,Broseke,mbrosekef4@squidoo.com,Male,228.122.194.167
546,Betty,Mellhuish,bmellhuishf5@a8.net,Female,159.105.13.85
547,Selinda,Mussington,smussingtonf6@behance.net,Female,9.29.18.47
548,Leanor,Dollard,ldollardf7@webeden.co.uk,Female,133.24.62.185
549,Cleopatra,Mollon,cmollonf8@prnewswire.com,Female,205.176.196.171
550,Walt,Hogben,whogbenf9@symantec.com,Male,254.54.65.249
551,Jerrilee,Sherrard,jsherrardfa@independent.co.uk,Female,146.215.239.19
552,Fredek,Fergyson,ffergysonfb@xing.com,Male,23.182.138.148
553,Idelle,Errington,ierringtonfc@nbcnews.com,Female,10.36.61.190
554,Hoyt,Sydney,hsydneyfd@ehow.com,Male,79.196.118.79
555,Dallas,Hollebon,dhollebonfe@google.pl,Female,194.186.34.98
556,Phillipp,Kaman,pkamanff@naver.com,Male,80.39.138.156
557,Inna,Gaskell,igaskellfg@scribd.com,Female,125.249.34.37
558,Ardenia,Janny,ajannyfh@cpanel.net,Female,26.135.49.183
559,Alexandr,Brawn,abrawnfi@list-manage.com,Male,106.1.37.167
560,Xavier,Pick,xpickfj@t-online.de,Male,223.92.199.86
561,Davin,Gynni,dgynnifk@tinypic.com,Male,183.154.7.135
562,Montgomery,Lumbly,mlumblyfl@wp.com,Male,0.109.234.21
563,Harriott,Schankel,hschankelfm@nba.com,Female,85.69.145.26
564,Tyrus,Smethurst,tsmethurstfn@squidoo.com,Male,139.68.83.151
565,Peadar,Aldcorne,paldcornefo@nifty.com,Male,143.90.42.229
566,Mohammed,Kobelt,mkobeltfp@eepurl.com,Male,109.90.52.2
567,Keven,Kristof,kkristoffq@51.la,Male,51.140.207.27
568,Frederigo,Easun,feasunfr@php.net,Male,93.97.119.128
569,Frederique,Rimington,frimingtonfs@4shared.com,Female,66.50.33.244
570,Charo,Fitzackerley,cfitzackerleyft@freewebs.com,Female,112.15.249.40
571,Abra,Fitzsymonds,afitzsymondsfu@princeton.edu,Female,21.221.224.86
572,Lori,Matusiak,lmatusiakfv@netvibes.com,Female,208.166.105.166
573,Edmon,Kingscote,ekingscotefw@sitemeter.com,Male,49.78.104.50
574,Pepi,Kellock,pkellockfx@wiley.com,Female,241.19.138.151
575,Yvette,Napier,ynapierfy@issuu.com,Female,119.33.80.63
576,Adiana,Samber,asamberfz@privacy.gov.au,Female,128.218.236.188
577,Mattias,Farnin,mfarning0@miitbeian.gov.cn,Male,42.15.149.27
578,Stefanie,Elderidge,selderidgeg1@yahoo.co.jp,Female,32.102.229.238
579,Dorolice,McLise,dmcliseg2@marriott.com,Female,45.134.58.227
580,Anatole,Seely,aseelyg3@mozilla.com,Male,8.15.181.181
581,Margi,Lottrington,mlottringtong4@etsy.com,Female,38.239.254.219
582,Brantley,McEniry,bmceniryg5@histats.com,Male,201.13.110.8
583,Elijah,McGlew,emcglewg6@craigslist.org,Male,149.40.14.165
584,Riobard,Coale,rcoaleg7@ifeng.com,Male,201.57.166.189
585,Trudy,Sewell,tsewellg8@pinterest.com,Female,228.107.241.125
586,Von,Patsall,vpatsallg9@about.com,Male,66.136.207.245
587,Cassey,Adan,cadanga@google.co.uk,Female,50.181.167.153
588,Theodosia,Munkton,tmunktongb@odnoklassniki.ru,Female,121.55.85.135
589,Alix,Semour,asemourgc@joomla.org,Male,62.243.56.207
590,Biron,Ferrettino,bferrettinogd@spiegel.de,Male,54.154.54.244
591,Hyacinthe,Liptrod,hliptrodge@51.la,Female,75.17.188.211
592,Wylma,Huard,whuardgf@delicious.com,Female,2.42.44.164
593,Babs,Kensington,bkensingtongg@netlog.com,Female,151.11.232.69
594,Willey,Baiyle,wbaiylegh@ca.gov,Male,189.171.0.212
595,Shanie,Hardstaff,shardstaffgi@51.la,Female,31.86.147.142
596,Perceval,McNirlan,pmcnirlangj@usnews.com,Male,61.140.27.75
597,Del,Jurca,djurcagk@whitehouse.gov,Female,59.103.30.230
598,Cornelle,Breckell,cbreckellgl@upenn.edu,Female,140.82.137.168
599,Gino,Collaton,gcollatongm@usnews.com,Male,254.79.61.78
600,Reinwald,Chesney,rchesneygn@indiegogo.com,Male,56.3.115.179
601,Keslie,Grindlay,kgrindlaygo@homestead.com,Female,187.222.69.88
602,Odey,Lucia,oluciagp@nhs.uk,Male,6.63.224.102
603,Fionnula,Silcock,fsilcockgq@amazon.com,Female,126.0.4.22
604,Ancell,Bodker,abodkergr@buzzfeed.com,Male,172.162.115.249
605,Lowe,Troni,ltronigs@squidoo.com,Male,136.243.124.202
606,Sully,Weal,swealgt@behance.net,Male,40.217.93.161
607,Cyndy,Durdan,cdurdangu@flavors.me,Female,123.239.101.184
608,Ly,Rowcastle,lrowcastlegv@auda.org.au,Male,26.99.210.150
609,Shelton,Glascott,sglascottgw@mysql.com,Male,86.142.40.160
610,Dale,Wheelton,dwheeltongx@theglobeandmail.com,Male,174.88.226.145
611,Carlie,Stuttman,cstuttmangy@squarespace.com,Male,211.123.4.162
612,Tuckie,Hembling,themblinggz@ezinearticles.com,Male,18.127.103.69
613,Anderson,Ugolotti,augolottih0@discovery.com,Male,9.35.52.202
614,Hanna,Shillitto,hshillittoh1@usatoday.com,Female,20.235.167.236
615,Bunni,Tarquinio,btarquinioh2@nbcnews.com,Female,130.87.60.236
616,Ivie,Willock,iwillockh3@shinystat.com,Female,141.76.61.96
617,Derick,Westphal,dwestphalh4@cnbc.com,Male,103.212.62.8
618,Marigold,Stormonth,mstormonthh5@mtv.com,Female,208.241.210.238
619,Gerty,Cardus,gcardush6@digg.com,Female,46.229.63.134
620,Kanya,Roset,kroseth7@whitehouse.gov,Female,45.88.2.32
621,Maure,Kroon,mkroonh8@businessweek.com,Female,149.245.192.57
622,Geordie,Galier,ggalierh9@foxnews.com,Male,118.129.86.58
623,Mandy,Halliday,mhallidayha@ox.ac.uk,Female,215.176.11.147
624,Windy,Allington,wallingtonhb@telegraph.co.uk,Female,174.204.0.79
625,Roman,Kynaston,rkynastonhc@friendfeed.com,Male,196.104.40.197
626,Evangelina,People,epeoplehd@sciencedaily.com,Female,221.129.253.19
627,Peirce,Alderwick,palderwickhe@amazon.de,Male,168.218.105.194
628,Giuseppe,Vickerstaff,gvickerstaffhf@meetup.com,Male,42.58.169.0
629,Torrance,Laytham,tlaythamhg@163.com,Male,76.133.126.37
630,Virge,Dominguez,vdominguezhh@wufoo.com,Male,28.235.196.126
631,Raul,Whyborn,rwhybornhi@abc.net.au,Male,217.229.184.107
632,Harp,Norcock,hnorcockhj@cdc.gov,Male,176.46.73.126
633,Nissy,Timlett,ntimletthk@over-blog.com,Female,214.64.184.213
634,Bartlet,Sheed,bsheedhl@vimeo.com,Male,219.228.252.121
635,Sandye,Tesseyman,stesseymanhm@flavors.me,Female,106.14.240.32
636,Culley,Skett,csketthn@google.com.au,Male,246.82.78.246
637,Algernon,Denness,adennessho@spotify.com,Male,60.100.163.154
638,Marshall,Gerrelts,mgerreltshp@gnu.org,Male,171.205.107.220
639,Natka,Boast,nboasthq@squidoo.com,Female,252.192.199.27
640,Dorothee,Losel,dloselhr@purevolume.com,Female,204.60.30.95
641,Zared,Gisbye,zgisbyehs@pen.io,Male,63.38.1.226
642,Dennet,Breazeall,dbreazeallht@oracle.com,Male,177.195.107.207
643,Jorge,Larchiere,jlarchierehu@comsenz.com,Male,70.179.165.187
644,Giraud,McKeurton,gmckeurtonhv@reddit.com,Male,107.39.58.81
645,Olly,Cremer,ocremerhw@163.com,Male,0.158.156.78
646,Tanhya,Dearle-Palser,tdearlepalserhx@oaic.gov.au,Female,245.40.152.95
647,Lorrie,Orcas,lorcashy@craigslist.org,Male,92.176.40.179
648,Abigael,Fahrenbacher,afahrenbacherhz@nytimes.com,Female,203.172.160.147
649,Berny,Kasbye,bkasbyei0@spotify.com,Female,146.171.176.1
650,Griffin,Milch,gmilchi1@cnet.com,Male,111.203.107.67
651,Rozina,Crielly,rcriellyi2@wsj.com,Female,81.214.16.67
652,Carlynne,Dudden,cduddeni3@woothemes.com,Female,191.169.0.228
653,Bonnee,MacDonell,bmacdonelli4@nationalgeographic.com,Female,228.255.137.176
654,Jermayne,Fleury,jfleuryi5@pen.io,Male,193.165.168.101
655,Heinrik,Letherbury,hletherburyi6@state.gov,Male,35.228.172.11
656,Tani,Spykins,tspykinsi7@simplemachines.org,Female,204.128.110.9
657,Colette,Swaffer,cswafferi8@tripadvisor.com,Female,37.117.177.141
658,Dinnie,Fehner,dfehneri9@theguardian.com,Female,136.219.17.25
659,Goraud,Lacknor,glacknoria@digg.com,Male,75.15.126.188
660,Atlante,Zoellner,azoellnerib@ucsd.edu,Female,223.108.239.40
661,Viv,Cattrell,vcattrellic@elpais.com,Female,76.119.64.97
662,Fannie,Sherlock,fsherlockid@who.int,Female,170.38.183.60
663,Latrina,Kobierzycki,lkobierzyckiie@guardian.co.uk,Female,163.137.134.103
664,Darcee,Yurchenko,dyurchenkoif@blog.com,Female,146.213.187.245
665,Elisabet,Aimable,eaimableig@chicagotribune.com,Female,89.196.79.195
666,Ailina,Perillo,aperilloih@tumblr.com,Female,80.157.26.95
667,Claudia,Cottee,ccotteeii@list-manage.com,Female,29.189.45.171
668,Malinde,Le Marchand,mlemarchandij@telegraph.co.uk,Female,134.120.111.227
669,Bambie,Isacke,bisackeik@vistaprint.com,Female,249.93.213.196
670,Oralie,Urpeth,ourpethil@addthis.com,Female,160.72.131.125
671,Shayna,Shoulder,sshoulderim@google.ca,Female,40.94.73.242
672,Dew,Nussey,dnusseyin@google.fr,Male,242.242.194.151
673,Sandi,Minget,smingetio@mlb.com,Female,92.41.38.150
674,Selle,Sharpless,ssharplessip@topsy.com,Female,82.222.199.238
675,Doria,Bonsul,dbonsuliq@uol.com.br,Female,19.39.214.93
676,Randene,Fortnam,rfortnamir@auda.org.au,Female,180.95.135.169
677,Bev,Daniels,bdanielsis@wp.com,Male,71.62.136.18
678,Josh,Sephton,jsephtonit@shutterfly.com,Male,47.113.44.103
679,Celinka,Cancellario,ccancellarioiu@surveymonkey.com,Female,75.173.97.182
680,Glennis,McWhirter,gmcwhirteriv@ocn.ne.jp,Female,84.199.196.219
681,Misha,Aubray,maubrayiw@jugem.jp,Female,71.86.122.96
682,Denny,Sebright,dsebrightix@pbs.org,Female,145.229.78.159
683,Jaine,Haskett,jhaskettiy@vistaprint.com,Female,22.74.16.172
684,Gretchen,Jumonet,gjumonetiz@icio.us,Female,161.30.151.174
685,Adelina,Wisker,awiskerj0@csmonitor.com,Female,48.254.57.178
686,Marga,Davey,mdaveyj1@vkontakte.ru,Female,121.241.25.142
687,Bette,Kayes,bkayesj2@sakura.ne.jp,Female,219.178.164.176
688,Silas,Sudron,ssudronj3@answers.com,Male,46.199.252.224
689,See,Grinov,sgrinovj4@cbslocal.com,Male,87.120.16.57
690,Anjanette,Colbert,acolbertj5@xrea.com,Female,53.200.23.186
691,Cam,Eake,ceakej6@chronoengine.com,Male,202.122.3.58
692,Kevon,Brotheridge,kbrotheridgej7@about.com,Male,204.121.251.252
693,Lazar,Jenyns,ljenynsj8@tripod.com,Male,145.135.120.226
694,Virginia,Phittiplace,vphittiplacej9@aboutads.info,Female,191.86.141.110
695,Drucie,Taysbil,dtaysbilja@posterous.com,Female,66.174.108.215
696,Udale,Birdseye,ubirdseyejb@prweb.com,Male,158.118.158.135
697,Rasia,Murricanes,rmurricanesjc@free.fr,Female,204.225.167.99
698,Gayle,Jozwicki,gjozwickijd@live.com,Male,125.253.63.197
699,Rutter,Blannin,rblanninje@slate.com,Male,75.183.25.198
700,Jada,Onyon,jonyonjf@goodreads.com,Female,129.36.115.99
701,Janet,Mougeot,jmougeotjg@mlb.com,Female,91.228.28.58
702,Lucie,Norrie,lnorriejh@va.gov,Female,201.42.59.111
703,Giffard,Pocknoll,gpocknollji@apache.org,Male,157.46.231.145
704,Eleni,MacQuarrie,emacquarriejj@businesswire.com,Female,207.69.98.150
705,Selie,Ovanesian,sovanesianjk@mashable.com,Female,41.112.42.190
706,Cortney,Riddall,criddalljl@europa.eu,Female,117.148.32.154
707,Joete,Dancy,jdancyjm@sun.com,Female,157.145.214.106
708,Arney,Bilyard,abilyardjn@macromedia.com,Male,7.146.255.45
709,Jocelyn,Stoven,jstovenjo@samsung.com,Female,121.184.119.132
710,Matt,Gartland,mgartlandjp@seesaa.net,Male,47.147.54.8
711,Genny,Meere,gmeerejq@ebay.com,Female,173.143.19.182
712,Shurlocke,Durran,sdurranjr@blogs.com,Male,211.227.189.2
713,Ethan,Sherville,eshervillejs@hc360.com,Male,109.9.197.44
714,Norby,Pote,npotejt@virginia.edu,Male,68.8.133.114
715,Guilbert,Dalzell,gdalzellju@ow.ly,Male,192.171.215.182
716,Arielle,Diggar,adiggarjv@cbsnews.com,Female,152.248.33.27
717,Correna,Gouth,cgouthjw@state.tx.us,Female,122.132.212.28
718,Catherin,Culpen,cculpenjx@webs.com,Female,187.64.29.69
719,Damita,Ferraraccio,dferraracciojy@deliciousdays.com,Female,34.11.15.231
720,Katuscha,Wherry,kwherryjz@businesswire.com,Female,216.41.203.180
721,Jyoti,Crass,jcrassk0@privacy.gov.au,Female,123.241.153.146
722,Silvano,Treneer,streneerk1@msn.com,Male,105.2.230.96
723,Christos,Lamplugh,clamplughk2@stumbleupon.com,Male,101.76.138.139
724,Ritchie,Dacks,rdacksk3@ft.com,Male,40.114.118.190
725,Rodina,Braham,rbrahamk4@blogs.com,Female,183.219.70.66
726,Ilsa,Oxtoby,ioxtobyk5@stanford.edu,Female,93.30.158.91
727,Rosalinde,Doberer,rdobererk6@nationalgeographic.com,Female,71.159.94.81
728,Kaspar,Briand,kbriandk7@ca.gov,Male,138.224.51.252
729,Kellby,Joskowitz,kjoskowitzk8@princeton.edu,Male,127.100.110.136
730,Melissa,Oram,moramk9@squarespace.com,Female,189.165.77.216
731,Sterling,Copp,scoppka@angelfire.com,Male,59.93.178.67
732,Bjorn,Ridges,bridgeskb@cnbc.com,Male,157.208.159.227
733,Vanessa,Easton,veastonkc@sina.com.cn,Female,140.253.68.218
734,Radcliffe,Sealy,rsealykd@1und1.de,Male,127.47.21.215
735,Babita,Lightollers,blightollerske@ca.gov,Female,44.112.108.197
736,Cullen,Tocque,ctocquekf@stumbleupon.com,Male,249.105.24.0
737,Amory,Every,aeverykg@xing.com,Male,83.207.163.130
738,Mirna,Bennington,mbenningtonkh@1688.com,Female,164.194.199.149
739,Cheri,Trodd,ctroddki@google.com,Female,241.85.202.11
740,Durant,Nehls,dnehlskj@linkedin.com,Male,177.244.181.181
741,Solomon,Canwell,scanwellkk@dyndns.org,Male,7.250.187.133
742,Chico,Norton,cnortonkl@eepurl.com,Male,246.69.164.132
743,Ardella,Dollard,adollardkm@stumbleupon.com,Female,23.44.5.135
744,Gram,Tainton,gtaintonkn@facebook.com,Male,219.86.87.41
745,Auberon,Yetts,ayettsko@icq.com,Male,63.45.220.225
746,Gardner,Oventon,goventonkp@comsenz.com,Male,253.147.84.98
747,Ignatius,Gruszczak,igruszczakkq@dmoz.org,Male,121.191.11.206
748,Axe,Capozzi,acapozzikr@51.la,Male,79.110.228.123
749,Crosby,Gilardone,cgilardoneks@51.la,Male,95.50.253.145
750,Thaxter,Daily,tdailykt@sciencedaily.com,Male,89.80.72.186
751,Debi,McAlpin,dmcalpinku@seesaa.net,Female,10.81.11.103
752,Kelcy,Fandrey,kfandreykv@ask.com,Female,232.254.105.102
753,Jae,Vales,jvaleskw@ucoz.ru,Male,173.250.234.50
754,Sheffy,Sleith,ssleithkx@furl.net,Male,26.54.35.132
755,Gus,Kinnar,gkinnarky@example.com,Female,200.97.148.63
756,Germaine,Cheers,gcheerskz@earthlink.net,Female,197.18.238.193
757,Noelani,Jerrand,njerrandl0@taobao.com,Female,180.175.114.17
758,Anselma,Leckie,aleckiel1@businesswire.com,Female,8.207.29.109
759,Ashla,Duchan,aduchanl2@salon.com,Female,219.152.5.154
760,Mel,Wroth,mwrothl3@marketwatch.com,Male,3.43.19.63
761,Jordana,Easterbrook,jeasterbrookl4@wikia.com,Female,63.145.6.74
762,Patrice,Gregan,pgreganl5@yellowbook.com,Female,68.196.43.90
763,Vasili,Lindup,vlindupl6@gov.uk,Male,187.61.143.29
764,Alessandro,Cosgrave,acosgravel7@so-net.ne.jp,Male,57.171.81.142
765,Boigie,Shapcott,bshapcottl8@e-recht24.de,Male,195.206.190.19
766,Ruthann,Oswal,roswall9@discuz.net,Female,177.149.24.84
767,Ibbie,Andriveau,iandriveaula@yellowbook.com,Female,163.132.126.3
768,Gabriella,Entissle,gentisslelb@posterous.com,Female,159.34.137.228
769,Sonja,Learoyde,slearoydelc@google.com.br,Female,9.176.156.200
770,Jeanine,Luisetti,jluisettild@businessinsider.com,Female,251.208.5.161
771,Alasteir,Skittles,askittlesle@yolasite.com,Male,157.177.216.134
772,Blayne,Marner,bmarnerlf@bing.com,Male,45.72.66.10
773,Reuben,Shortin,rshortinlg@e-recht24.de,Male,76.131.214.11
774,Jillana,Grzelczyk,jgrzelczyklh@paypal.com,Female,121.50.249.147
775,Loren,Presland,lpreslandli@yandex.ru,Female,186.29.19.54
776,Carey,Beevors,cbeevorslj@squarespace.com,Female,13.79.160.62
777,Kaylyn,Tucknott,ktucknottlk@shareasale.com,Female,80.15.151.55
778,Cross,Treppas,ctreppasll@aboutads.info,Male,95.25.59.196
779,Pancho,Geaney,pgeaneylm@weibo.com,Male,247.176.96.117
780,Wolf,Draco,wdracoln@purevolume.com,Male,224.26.145.171
781,Nester,Dillet,ndilletlo@eventbrite.com,Male,153.205.239.139
782,Hobard,Gobat,hgobatlp@wikia.com,Male,71.123.119.23
783,Natala,Priestner,npriestnerlq@rambler.ru,Female,115.84.27.12
784,Vitoria,Skipworth,vskipworthlr@indiegogo.com,Female,104.152.100.86
785,Georgi,Hiskey,ghiskeyls@ibm.com,Male,103.110.131.241
786,Yoshi,Wolseley,ywolseleylt@tamu.edu,Female,28.136.149.84
787,Elsworth,Blomfield,eblomfieldlu@51.la,Male,31.236.58.183
788,Wyatt,Godlip,wgodliplv@phpbb.com,Male,40.7.119.33
789,Clara,Fisher,cfisherlw@timesonline.co.uk,Female,222.176.227.225
790,Jessalyn,Ennever,jenneverlx@nifty.com,Female,254.74.70.181
791,Hailey,Gabe,hgabely@psu.edu,Male,210.135.198.63
792,Ki,Lumsdale,klumsdalelz@slideshare.net,Female,79.185.104.88
793,Sibeal,Merlin,smerlinm0@springer.com,Female,161.105.225.205
794,Nealon,Slaten,nslatenm1@amazon.de,Male,188.82.41.112
795,Moyna,Arkil,markilm2@sphinn.com,Female,143.92.45.108
796,Standford,Benard,sbenardm3@exblog.jp,Male,75.215.229.82
797,Minnie,Valentetti,mvalentettim4@cdc.gov,Female,136.155.242.131
798,Thomas,Garwood,tgarwoodm5@princeton.edu,Male,24.246.52.151
799,Flore,Farrear,ffarrearm6@mozilla.com,Female,194.139.112.212
800,Ezechiel,Tinsley,etinsleym7@elpais.com,Male,132.74.32.60
801,Udale,Anthonies,uanthoniesm8@berkeley.edu,Male,61.120.52.248
802,Bendix,Bresland,bbreslandm9@fastcompany.com,Male,248.115.136.63
803,Sybyl,Hordell,shordellma@google.de,Female,143.51.71.212
804,Lek,Lubbock,llubbockmb@columbia.edu,Male,209.247.219.69
805,Elisabeth,Dike,edikemc@phpbb.com,Female,159.95.13.137
806,Beltran,Brigham,bbrighammd@earthlink.net,Male,96.178.132.219
807,Bo,Bleackly,bbleacklyme@clickbank.net,Male,223.29.29.11
808,Feodora,Ley,fleymf@alibaba.com,Female,21.196.185.252
809,Mabelle,Polglase,mpolglasemg@blogger.com,Female,23.2.77.15
810,Errick,Toon,etoonmh@tamu.edu,Male,76.16.65.5
811,Ody,Hoyes,ohoyesmi@shop-pro.jp,Male,100.32.100.96
812,Dominic,Eastway,deastwaymj@uiuc.edu,Male,151.192.134.160
813,Bayard,Robez,brobezmk@apache.org,Male,41.108.109.19
814,Samaria,Howselee,showseleeml@facebook.com,Female,100.147.38.146
815,Ricki,Sommerlie,rsommerliemm@de.vu,Male,214.240.241.227
816,Matty,Frill,mfrillmn@wordpress.org,Male,62.207.157.169
817,Ignacius,Elderidge,ielderidgemo@clickbank.net,Male,165.13.41.227
818,Lexy,Whetton,lwhettonmp@theatlantic.com,Female,238.104.137.244
819,Gwendolin,Wholesworth,gwholesworthmq@umn.edu,Female,153.155.166.216
820,Jill,Piper,jpipermr@flavors.me,Female,95.229.240.221
821,Ursala,Brick,ubrickms@g.co,Female,17.124.244.73
822,Hamil,Harbottle,hharbottlemt@nytimes.com,Male,129.229.79.225
823,Sabina,Cokayne,scokaynemu@chron.com,Female,203.2.48.133
824,Nadya,Liston,nlistonmv@ycombinator.com,Female,166.227.189.55
825,Chelsey,Winpenny,cwinpennymw@paginegialle.it,Female,202.193.51.209
826,Betsy,Walcar,bwalcarmx@purevolume.com,Female,92.199.25.0
827,Davie,Reede,dreedemy@jimdo.com,Male,41.142.4.75
828,Thoma,Gerleit,tgerleitmz@sogou.com,Male,119.192.253.157
829,Minne,Lardnar,mlardnarn0@dell.com,Female,55.151.233.155
830,Phillipe,Ilbert,pilbertn1@wp.com,Male,171.79.82.232
831,Sammy,Blamphin,sblamphinn2@stanford.edu,Male,88.239.96.191
832,Francisco,Sleightholme,fsleightholmen3@marriott.com,Male,149.220.240.196
833,Talbert,Gatiss,tgatissn4@statcounter.com,Male,165.146.248.60
834,Bern,Wibrew,bwibrewn5@cnn.com,Male,236.186.120.98
835,Marcello,Dirkin,mdirkinn6@wordpress.org,Male,94.24.126.13
836,Fidole,Scurrey,fscurreyn7@php.net,Male,165.162.83.182
837,Dode,Matyas,dmatyasn8@google.es,Female,169.210.57.194
838,Jacynth,Granville,jgranvillen9@vkontakte.ru,Female,77.68.248.247
839,Clerkclaude,Jaspar,cjasparna@elpais.com,Male,55.13.22.119
840,Kamilah,Dikels,kdikelsnb@linkedin.com,Female,111.188.181.14
841,Leontine,Bonnin,lbonninnc@engadget.com,Female,70.12.161.0
842,Alain,Noseworthy,anoseworthynd@hp.com,Male,32.193.19.92
843,Tamas,Joynt,tjoyntne@house.gov,Male,133.236.234.153
844,Kiersten,Dilke,kdilkenf@slideshare.net,Female,130.38.30.78
845,Darcee,Langshaw,dlangshawng@irs.gov,Female,69.216.19.229
846,Olenolin,Mullen,omullennh@networksolutions.com,Male,195.199.255.19
847,Renae,Foston,rfostonni@altervista.org,Female,249.16.246.80
848,Coretta,Klossmann,cklossmannnj@artisteer.com,Female,69.183.247.127
849,Dorelle,Hacker,dhackernk@pagesperso-orange.fr,Female,44.184.53.76
850,Judd,Sudron,jsudronnl@stanford.edu,Male,183.129.214.91
851,Heidi,Wrack,hwracknm@umich.edu,Female,184.39.14.231
852,Dov,Bindin,dbindinnn@uol.com.br,Male,49.140.68.121
853,Annamarie,Goldsbrough,agoldsbroughno@addthis.com,Female,159.137.220.115
854,Franky,Bodemeaid,fbodemeaidnp@youtube.com,Female,59.56.85.242
855,Tildy,Snoddy,tsnoddynq@cafepress.com,Female,84.103.29.252
856,Donny,Alelsandrovich,dalelsandrovichnr@alibaba.com,Male,118.49.253.111
857,Tanny,Henden,thendenns@1688.com,Male,115.139.66.88
858,Geoffrey,Overlow,goverlownt@stumbleupon.com,Male,19.188.41.4
859,Arden,Vanyakin,avanyakinnu@unicef.org,Female,47.61.1.10
860,Astrid,Areles,aarelesnv@oakley.com,Female,157.102.22.49
861,Vladimir,Leale,vlealenw@simplemachines.org,Male,50.224.39.135
862,Marijo,Larkby,mlarkbynx@mediafire.com,Female,100.122.47.250
863,Duncan,Dytham,ddythamny@umn.edu,Male,132.108.232.102
864,Harriot,McMearty,hmcmeartynz@goodreads.com,Female,38.85.252.187
865,Nadeen,Breukelman,nbreukelmano0@nyu.edu,Female,151.227.31.64
866,Dre,Lesper,dlespero1@moonfruit.com,Female,197.161.106.201
867,Clarissa,Arbor,carboro2@icio.us,Female,31.211.3.124
868,Cassius,Goburn,cgoburno3@guardian.co.uk,Male,185.66.224.107
869,Janey,Regis,jregiso4@toplist.cz,Female,149.171.227.71
870,Nissie,Sedcole,nsedcoleo5@harvard.edu,Female,210.211.253.121
871,Cobbie,Firmin,cfirmino6@seesaa.net,Male,121.195.233.45
872,Mordy,Ivushkin,mivushkino7@shop-pro.jp,Male,214.127.15.73
873,Godart,Bolley,gbolleyo8@163.com,Male,21.186.130.228
874,Louise,Rushworth,lrushwortho9@google.fr,Female,177.29.59.138
875,Orrin,Stronghill,ostronghilloa@imageshack.us,Male,131.161.177.47
876,Mace,Olkowicz,molkowiczob@cisco.com,Male,47.76.93.254
877,Doralyn,McPeice,dmcpeiceoc@deliciousdays.com,Female,227.99.179.172
878,Arlin,Synnot,asynnotod@bloglines.com,Male,20.12.152.219
879,Jo-ann,Justis,jjustisoe@un.org,Female,212.2.205.236
880,Neil,Sterry,nsterryof@google.de,Male,226.147.31.243
881,Orrin,Garrioch,ogarriochog@netscape.com,Male,121.121.124.64
882,Jodi,Jeacop,jjeacopoh@mit.edu,Male,20.195.206.183
883,Layton,Spurling,lspurlingoi@apache.org,Male,178.223.253.207
884,Buiron,Butchers,bbutchersoj@sourceforge.net,Male,46.30.222.230
885,Yance,Abramchik,yabramchikok@nsw.gov.au,Male,201.153.60.144
886,Onfroi,Dorsett,odorsettol@noaa.gov,Male,9.152.164.56
887,Felicle,McRobbie,fmcrobbieom@ycombinator.com,Female,176.40.18.238
888,Krispin,Skehan,kskehanon@tiny.cc,Male,210.228.142.253
889,Stesha,Danihel,sdaniheloo@microsoft.com,Female,255.85.187.59
890,Fulton,Sowrah,fsowrahop@usa.gov,Male,26.150.151.231
891,Louella,MacMakin,lmacmakinoq@1und1.de,Female,193.113.62.62
892,Paola,Mengue,pmengueor@yandex.ru,Female,187.82.189.155
893,Kasey,Mayhou,kmayhouos@nationalgeographic.com,Female,18.20.161.171
894,Duky,Kort,dkortot@webnode.com,Male,175.70.242.83
895,Biddie,Zarfai,bzarfaiou@hugedomains.com,Female,32.234.88.134
896,Wesley,McIlhatton,wmcilhattonov@rambler.ru,Male,169.35.143.122
897,Norina,Ksandra,nksandraow@gravatar.com,Female,121.205.179.130
898,Brit,Sellwood,bsellwoodox@yandex.ru,Male,130.147.255.156
899,Christy,O'Hannen,cohannenoy@chron.com,Male,231.148.112.55
900,Reggie,Hobden,rhobdenoz@sphinn.com,Female,209.12.55.75
901,Jeremiah,Jaine,jjainep0@edublogs.org,Male,198.23.251.212
902,Amanda,Izhaky,aizhakyp1@de.vu,Female,244.199.187.238
903,Eliza,Sitford,esitfordp2@symantec.com,Female,163.73.109.81
904,Ianthe,Kunc,ikuncp3@phoca.cz,Female,204.214.250.80
905,Deina,Brinsford,dbrinsfordp4@ovh.net,Female,42.246.160.182
906,Ethelind,Reuther,ereutherp5@posterous.com,Female,15.155.69.30
907,Adelbert,Sowthcote,asowthcotep6@princeton.edu,Male,12.86.62.90
908,Wayland,O'Hear,wohearp7@jalbum.net,Male,161.161.64.120
909,Sheppard,Burehill,sburehillp8@desdev.cn,Male,124.186.79.182
910,Christiana,McWhorter,cmcwhorterp9@posterous.com,Female,33.28.233.107
911,Terry,Harler,tharlerpa@redcross.org,Female,140.108.218.218
912,Matt,Gillion,mgillionpb@purevolume.com,Male,17.93.160.59
913,Jon,Sissland,jsisslandpc@prweb.com,Male,51.102.141.186
914,Enrique,Dumigan,edumiganpd@deliciousdays.com,Male,126.37.114.62
915,Norbert,Goldin,ngoldinpe@mozilla.com,Male,192.131.30.138
916,Lock,Wyke,lwykepf@telegraph.co.uk,Male,251.160.67.174
917,Weber,Havis,whavispg@angelfire.com,Male,224.90.188.10
918,Mick,Eborn,mebornph@com.com,Male,107.9.133.184
919,Kora,Sharville,ksharvillepi@weather.com,Female,118.145.157.0
920,Tito,Dearlove,tdearlovepj@time.com,Male,90.238.62.209
921,Marijn,Redley,mredleypk@oaic.gov.au,Male,55.64.53.223
922,Aloin,Pavlov,apavlovpl@cdc.gov,Male,152.92.198.59
923,Demetria,Odom,dodompm@freewebs.com,Female,160.139.187.60
924,Arthur,Drees,adreespn@acquirethisname.com,Male,93.168.209.57
925,Pierson,Gagg,pgaggpo@github.com,Male,200.77.47.137
926,Rafaello,Jambrozek,rjambrozekpp@senate.gov,Male,60.164.16.151
927,Chip,Croix,ccroixpq@slashdot.org,Male,145.173.87.220
928,Allayne,Krysztowczyk,akrysztowczykpr@ucoz.com,Male,182.134.191.82
929,Lev,Usborn,lusbornps@a8.net,Male,194.195.197.108
930,Hilary,Whitworth,hwhitworthpt@cpanel.net,Male,6.166.193.54
931,Filip,Zuann,fzuannpu@hatena.ne.jp,Male,236.161.176.58
932,Eugen,Groucock,egroucockpv@pagesperso-orange.fr,Male,107.36.189.90
933,Shaun,De Coursey,sdecourseypw@amazonaws.com,Female,156.207.224.113
934,Worthy,Bendle,wbendlepx@dropbox.com,Male,14.243.194.85
935,Massimo,Dugdale,mdugdalepy@devhub.com,Male,17.200.83.250
936,Kliment,Swinburne,kswinburnepz@admin.ch,Male,44.102.177.56
937,Elwin,Dobbins,edobbinsq0@networkadvertising.org,Male,116.180.0.145
938,Whitby,De Miranda,wdemirandaq1@indiatimes.com,Male,249.249.5.108
939,Clifford,Snoddin,csnoddinq2@webmd.com,Male,19.42.77.17
940,Man,Mabone,mmaboneq3@com.com,Male,247.250.44.125
941,Garry,Piff,gpiffq4@sohu.com,Male,87.165.95.128
942,Benedicto,Cranch,bcranchq5@gravatar.com,Male,17.62.25.250
943,Etan,Bignal,ebignalq6@mac.com,Male,58.30.65.255
944,Drucy,Muzzlewhite,dmuzzlewhiteq7@dell.com,Female,42.188.251.66
945,Cori,Paddeley,cpaddeleyq8@pbs.org,Female,21.198.250.118
946,Cass,Lindroos,clindroosq9@dell.com,Female,220.9.138.171
947,Durante,Farish,dfarishqa@creativecommons.org,Male,117.117.55.88
948,Roseanne,Hamsher,rhamsherqb@deviantart.com,Female,21.25.92.118
949,Selia,Phoebe,sphoebeqc@amazon.com,Female,127.250.59.62
950,Jean,Delort,jdelortqd@goodreads.com,Female,203.4.2.245
951,Barnett,Sliney,bslineyqe@mapy.cz,Male,58.190.180.110
952,Slade,Wahncke,swahnckeqf@ox.ac.uk,Male,14.88.236.10
953,Chance,Bradly,cbradlyqg@cornell.edu,Male,125.89.143.99
954,Madalyn,Budding,mbuddingqh@wsj.com,Female,223.7.212.235
955,Garv,Skittle,gskittleqi@uiuc.edu,Male,3.28.155.57
956,Salomo,Tomczynski,stomczynskiqj@reddit.com,Male,216.66.131.234
957,Zenia,Laurens,zlaurensqk@about.me,Female,26.95.96.128
958,Eolande,Senett,esenettql@guardian.co.uk,Female,172.128.19.233
959,Hazlett,Angless,hanglessqm@canalblog.com,Male,242.160.222.183
960,Worth,De Witt,wdewittqn@intel.com,Male,106.247.166.200
961,Lemmie,Sugars,lsugarsqo@myspace.com,Male,193.241.73.195
962,Adelice,Van Son,avansonqp@cyberchimps.com,Female,39.136.50.93
963,Mordy,Catling,mcatlingqq@cargocollective.com,Male,158.167.72.26
964,Elia,Lenney,elenneyqr@sina.com.cn,Male,233.9.186.196
965,Roy,Stollberger,rstollbergerqs@dion.ne.jp,Male,16.95.206.33
966,Aldon,Spilsted,aspilstedqt@reference.com,Male,118.25.17.57
967,Madelena,Mitkin,mmitkinqu@epa.gov,Female,1.190.132.102
968,Hussein,Fife,hfifeqv@indiatimes.com,Male,149.254.193.113
969,Robinson,Rees,rreesqw@exblog.jp,Male,181.24.122.255
970,Annaliese,Kalkofen,akalkofenqx@google.es,Female,96.176.10.33
971,Dieter,Crighton,dcrightonqy@msn.com,Male,22.88.152.243
972,Tracey,Woollacott,twoollacottqz@about.me,Male,5.196.136.99
973,James,Capun,jcapunr0@go.com,Male,95.234.138.112
974,Levey,Neads,lneadsr1@w3.org,Male,82.17.4.8
975,Rae,Emanuel,remanuelr2@theguardian.com,Female,92.62.83.175
976,Alric,McCreery,amccreeryr3@weibo.com,Male,83.186.43.33
977,Debera,Betonia,dbetoniar4@sun.com,Female,17.228.230.144
978,Amalita,Muselli,amusellir5@theglobeandmail.com,Female,141.103.153.35
979,Menard,Beirne,mbeirner6@cnn.com,Male,11.21.158.6
980,Filmer,Harbor,fharborr7@google.com.br,Male,62.22.19.143
981,Zechariah,Sam,zsamr8@pbs.org,Male,2.162.227.91
982,Tina,Nicholl,tnichollr9@photobucket.com,Female,185.161.167.184
983,Eveline,Villa,evillara@adobe.com,Female,27.109.117.158
984,Glenden,Paoloni,gpaolonirb@amazon.co.uk,Male,160.255.87.2
985,Appolonia,Ranyelld,aranyelldrc@plala.or.jp,Female,5.220.245.16
986,Todd,Zorro,tzorrord@paypal.com,Male,36.105.20.84
987,Guglielma,Mulvagh,gmulvaghre@smh.com.au,Female,163.160.128.120
988,Bran,Shears,bshearsrf@youku.com,Male,32.205.64.197
989,Heath,McCreedy,hmccreedyrg@stumbleupon.com,Male,187.97.207.78
990,Bayard,Roxbee,broxbeerh@washingtonpost.com,Male,110.227.12.32
991,Tabby,Leifer,tleiferri@oakley.com,Female,217.187.226.59
992,Beaufort,Drowsfield,bdrowsfieldrj@skyrock.com,Male,43.36.40.252
993,Lana,Grealy,lgrealyrk@soup.io,Female,16.232.187.222
994,Elvin,Gherardi,egherardirl@pagesperso-orange.fr,Male,54.86.223.213
995,Willow,Kahen,wkahenrm@biglobe.ne.jp,Female,106.175.162.138
996,Krishnah,Naptin,knaptinrn@bandcamp.com,Male,166.1.81.33
997,Noelani,Kitchin,nkitchinro@oracle.com,Female,128.143.57.229
998,Kalie,Larimer,klarimerrp@wunderground.com,Female,200.184.215.79
999,Udall,Botting,ubottingrq@mozilla.com,Male,200.18.5.173
1000,Nicolas,Alessandretti,nalessandrettirr@posterous.com,Male,151.74.215.14
